id,location_id,name,title,email
1,1,Susan Houston,Director of Services,s.houston@abc.com
2,1,Christina Gonzalez,Director,c.gonzalez@abc.com
3,2,Brenda Brown,"Director, Second Career Services",b.brown@abc.com
4,3,Howard Lader,"Manager, Senior Counseling",h.lader@abc.com
5,4,Kimberly Pesavento,Commercial director,k.pesavento@abc.com
6,5,Joe Bloom,Financial Empowerment Programs Program Director,j.bloom@abc.com
7,6,Peter Olson,Director,p.olson@abc.com
8,6,Bart Charlow,Executive Director,b.charlow@abc.com
9,7,Bart Charlow,Executive Director,b.charlow7@abc.com
10,7,Barbara Kalt,Director,b.kalt@abc.com
11,8,Marilyn Baker-venturini,Director,m.baker-venturini@abc.com
12,8,Graciela Hernandez,Assistant Manager,g.hernandez@abc.com
13,8,Julie Avelino,Assessment Specialist,j.avelino@abc.com
14,9,Dave Genesy,Library Director,d.genesy@abc.com
15,9,Maria Kramer,Library Divisions Manager,m.kramer@abc.com
16,10,Dave Genesy,Tester,d.genesy10@abc.com
17,10,Maria Kramer,Library Division Manager,m.kramer10@abc.com
18,11,Dave Genesy,Head of office,d.genesy11@abc.com
19,11,Elizabeth Meeks,Branch Manager,e.meeks@abc.com
20,12,Kathy Endaya,Director,k.endaya@abc.com
21,13,Dave Genesy,Library Director,d.genesy13@abc.com
22,14,Andres Espinoza,"Manager, Commanding Officer",a.espinoza@abc.com
23,15,Jack Phillips,Administrator,j.phillips@abc.com
24,16,James Lee,Commanding Officer,j.lee@abc.com
25,17,Kenneth Gibson,Tester,k.gibson@abc.com
26,18,Sharon Petersen,Administrator,s.petersen@abc.com
27,19,Sharon Petersen,Administrator,s.petersen19@abc.com
28,21,Moncef Salah,Tester,m.salah@abc.com
29,22,Suzanne Badenhoop,Tester,s.badenhoop@abc.com
30,20,Sean Houston,Director of new Services,s.houston20@abc.com
31,8,David Genesy,Account Manager,d.genesy8@abc.com
32,8,Elizabeth Feeney,CEO,e.feeney@abc.com
33,8,Erika Meeks,Tester,e.meeks8@abc.com
